Hour,Sales Count,Redemption Count
0,10.797152330797738,0.06943631753462064
1,6.5412967446865755,0.6004842615012107
2,4.571252566735113,1.4271047227926077
3,4.330546623794212,2.1588424437299034
4,3.087971274685817,2.0547576301615798
5,3.4130170316301705,1.3083941605839415
6,8.763427734375,10.3353271484375
7,10.593875236294895,8.22359168241966
8,24.423788729465585,17.750606501698204
9,52.45883005267535,46.781535902411974
10,74.47237247517974,80.54241698048614
11,92.76125914490905,98.49546949459695
12,94.51902516767382,100.23793080549838
13,92.67002452117437,97.17880575253496
14,91.47608695652174,96.29959239130434
15,79.93972475850205,83.02487759693
16,67.43929680787787,69.6001586147644
17,53.65125318321941,54.285350489210565
18,40.04551383263541,40.24418205533054
19,31.053964023984012,28.94174254200903
20,22.909722752615902,18.0162682349347
21,19.20342664092664,11.186132561132561
22,16.818424343476448,7.525719049604001
23,12.707657272986053,4.684315399943069
